reference_id,year,title,doi,primary_url,local_file,evidence_role,in_numeric_training,transfer_decision,accessed_date
R01,2026,"Deoxygenative Asymmetric Cyanation with P(OEt)3 Employing Cooperative Photoredox Catalysis and Copper Catalysis",10.1021/acs.orglett.5c05116,https://doi.org/10.1021/acs.orglett.5c05116,目标论文_OrgLett2026.pdf,target reaction main article,yes,"Only Table 1/Table 2 and matched SI records are numerical evidence",2026-07-16
R02,2026,"Supporting Information for Deoxygenative Asymmetric Cyanation with P(OEt)3 Employing Cooperative Photoredox Catalysis and Copper Catalysis",10.1021/acs.orglett.5c05116,https://doi.org/10.1021/acs.orglett.5c05116,目标论文_SI_ol5c05116_si_001.pdf,target reaction SI,yes,"Condition screens S1-S5; scope characterization and source-page audit",2026-07-16
R03,2026,"Transferable enantioselectivity models from sparse data",10.1038/s41586-026-10239-7,https://doi.org/10.1038/s41586-026-10239-7,方法学_Nature2026_Transferable_enantioselectivity_models.pdf,methodology,no,"Motivates mechanistic descriptors and nested validation; its reaction rows are not chemically pooled",2026-07-16
R04,2026,"Ligand-mediated radical orientation enables asymmetric cyanation of unstabilized alkyl C-radicals",10.1038/s41929-026-01573-0,https://doi.org/10.1038/s41929-026-01573-0,最新旁证_NatureCatalysis2026_SI.pdf,mechanistic stress test,no,"Different BoxOH/H-bonding system; supports radical-class refusal",2026-07-16
R05,2026,"Asymmetric Radical Allylic Cyanation of Electron-Deficient Alkenes with a Low Copper Catalyst Loading: Development and Mechanism",10.1021/jacs.6c05474,https://doi.org/10.1021/jacs.6c05474,最新机理旁证_JACS2026_ja6c05474_SI.pdf,mechanistic stress test,no,"Different allylic network; supports solvent/speciation caution",2026-07-16
R06,2025,"Mechanistic Insights into Copper-Catalyzed Asymmetric Cyanation of Allylic C-H Bonds",10.1021/jacs.5c03680,https://doi.org/10.1021/jacs.5c03680,机理旁证_JACS2025_ja5c03680_SI.pdf,mechanistic stress test,no,"Different reaction network; supports explicit solvent and speciation limits",2026-07-16
R07,2025,"Asymmetric Alkoxycarbonyl-Cyanation of Styrenes via Photoredox and Copper Catalysis",10.1021/acscatal.5c04002,https://doi.org/10.1021/acscatal.5c04002,相关体系_ACSCatal2025_cs5c04002_SI.pdf,negative transfer test,no,"Different radical-generation and alkene-addition pathway; no numerical pooling",2026-07-16
R08,2025,"Asymmetric Cyanoesterification of Vinylarenes by Electrochemical Copper Catalysis",10.1038/s41467-025-62137-7,https://doi.org/10.1038/s41467-025-62137-7,相关体系_NatureCommunications2025_SI.pdf,negative transfer test,no,"Electrochemical mechanism and reaction class differ; no numerical pooling",2026-07-16
R09,2024,"Copper-Catalyzed Asymmetric Tertiary Radical Cyanation for the Synthesis of Chiral Tetrasubstituted Monofluoroacyl Nitriles",10.1021/acs.orglett.4c03914,https://doi.org/10.1021/acs.orglett.4c03914,相关体系_OrgLett2024_ol4c03914_SI.pdf,negative transfer test,no,"Tertiary radical and ligand pocket differ; treated as out of domain",2026-07-16
R10,2025,"Kharasch-Type Haloalkylation of Alkenes by Photoinduced Copper Catalysis",10.1021/jacs.5c05699,https://doi.org/10.1021/jacs.5c05699,背景_Kharasch_photoinduced_copper_catalysis.pdf,photochemical copper background,no,"Different product-forming step and non-asymmetric objective",2026-07-16
R11,1991,"A Survey of Hammett Substituent Constants and Resonance and Field Parameters",10.1021/cr00002a004,https://doi.org/10.1021/cr00002a004,,descriptor source,yes,"Only tabulated sigma_m/sigma_p constants are used; ortho values are not imputed",2026-07-16
R12,2026,"PubChem PUG REST property records",,https://pubchem.ncbi.nlm.nih.gov/docs/pug-rest,PubChem API responses recorded in pubchem_properties.csv,data quality,no,"Formula and identifier cross-check only; properties excluded from final model",2026-07-16
R13,2025,"RDKit 2025.09.6 descriptor calculation",,https://www.rdkit.org/docs/,rdkit_descriptors.csv,data quality,no,"Structure parsing and molecular-formula cross-check only; descriptors excluded from final model",2026-07-16
R14,2024,"Free-Radical Deoxygenative Amination of Alcohols via Copper Metallaphotoredox Catalysis",10.1021/jacs.4c04477,https://doi.org/10.1021/jacs.4c04477,扩展语料_仅本地核查/carson-et-al-2024-free-radical-deoxygenative-amination-of-alcohols-via-copper-metallaphotoredox-catalysis-1.pdf,mechanism reference,no,"Supports pathway-factor inventory only; different product-forming C-N coupling",2026-07-18
R15,2021,"Metallaphotoredox-enabled deoxygenative arylation of alcohols",10.1038/s41586-021-03920-6,https://doi.org/10.1038/s41586-021-03920-6,扩展语料_仅本地核查/Zhe.pdf,mechanism reference,no,"Supports alcohol activation context only; Ni/aryl coupling data are not pooled",2026-07-18
R16,2024,"Ni-catalyzed enantioconvergent deoxygenative reductive cross-coupling of unactivated alkyl alcohols and aryl bromides",10.1038/s41467-024-46713-x,https://doi.org/10.1038/s41467-024-46713-x,扩展语料_仅本地核查/Ni-catalyzed enantioconvergent deoxygenative reductive cross-coupling of unactivated alkyl alcohols and aryl bromides.pdf,negative transfer reference,no,"Different metal, precursor activation, bond formation and product; reinforces reaction-family refusal",2026-07-18
R17,2013,"Direct Construction of Quaternary Carbons from Tertiary Alcohols via Photoredox-Catalyzed Fragmentation of tert-Alkyl N-Phthalimidoyl Oxalates",10.1021/ja408971t,https://doi.org/10.1021/ja408971t,扩展语料_仅本地核查/ja408971t.pdf,precursor background,no,"Tertiary N-phthalimidoyl oxalate chemistry defines a negative precursor boundary; no target labels transferred",2026-07-18
R18,2025,"Science China Chemistry local asymmetric-photoredox context record",10.1007/s11426-025-2666-y,https://doi.org/10.1007/s11426-025-2666-y,扩展语料_仅本地核查/FBF10B8D5DC64B61A1A51E52BDC52E39-mark.pdf,qualitative context,no,"Retained locally after DOI-level review; not sufficiently matched for numerical transfer",2026-07-18
R19,2025,"Copper-Catalyzed Asymmetric Cyanation of Propargylic Radicals Derived From Silyl-Substituted Allenes and Alkynes",10.1002/anie.202505939,https://doi.org/10.1002/anie.202505939,,external mechanism stress test,no,"Propargylic H-atom-abstraction pathway is explicitly outside the target radical and reaction family",2026-07-18
R20,2025,"Photoinduced Copper-Catalyzed Asymmetric Radical Sulfonylcyanation of Vinylarenes with Sulfonyl Cyanides",10.1002/cctc.202500258,https://doi.org/10.1002/cctc.202500258,,external mechanism stress test,no,"Different radical source and alkene-addition sequence; used only to test refusal logic",2026-07-18
R21,2025,"Copper-Catalyzed Enantioselective Radical Cyanation of Allenic C(sp2)-H Bonds to Access Tri- and Tetrasubstituted Chiral Allenes",10.1021/acscatal.5c01796,https://doi.org/10.1021/acscatal.5c01796,,external mechanism stress test,no,"Allenic C-H activation and axial chirality are outside the target domain",2026-07-18
R22,2025,"Copper-Catalyzed Asymmetric Carbocyanation of 1,3-Dienes and Vinylarenes with Simple Aldehydes and Alkanes",10.1021/acscatal.5c04586,https://doi.org/10.1021/acscatal.5c04586,,external mechanism stress test,no,"HAT-derived acyl/alkyl radical carbocyanation is not numerically pooled",2026-07-18
R23,1980,"Iterative Partial Equalization of Orbital Electronegativity: A Rapid Access to Atomic Charges",10.1016/0040-4020(80)80168-2,https://doi.org/10.1016/0040-4020(80)80168-2,,descriptor source,no,"Defines the empirical Gasteiger-Marsili charge method; values are not NBO charges",2026-07-18
R24,1999,"Prediction of Physicochemical Parameters by Atomic Contributions",10.1021/ci990307l,https://doi.org/10.1021/ci990307l,,descriptor source,no,"Source for Crippen fragment logP and molar-refractivity estimates",2026-07-18
R25,2000,"Fast Calculation of Molecular Polar Surface Area as a Sum of Fragment-Based Contributions",10.1021/jm000942e,https://doi.org/10.1021/jm000942e,,descriptor source,no,"Source for topological polar surface area",2026-07-18
R26,2020,"Hydrostatic Pressure-Induced Spectral Variation of Reichardt's Dye",10.1021/acsomega.9b03880,https://doi.org/10.1021/acsomega.9b03880,,solvent descriptor cross-check,no,"Cross-checks common ET(30) values; not a target-reaction measurement",2026-07-18
R27,2021,"Regio-selectivity prediction with a machine-learned reaction representation and on-the-fly quantum mechanical descriptors",10.1039/D0SC04823J,https://doi.org/10.1039/D0SC04823J,,qmdesc methodology,no,"Defines the ML-predicted B3LYP/def2-SVP descriptor targets; no target reaction labels are transferred",2026-07-18
R28,2021,"DBSTEP: DFT Based Steric Parameters for the Description of Molecular Steric Effects",10.1021/acs.jcim.0c01367,https://doi.org/10.1021/acs.jcim.0c01367,,steric descriptor methodology,no,"Supports B1/B5/L and buried-volume computation; v4.4 values remain product-scaffold conformer proxies",2026-07-18
R29,2016,"XGBoost: A Scalable Tree Boosting System",10.1145/2939672.2939785,https://doi.org/10.1145/2939672.2939785,,algorithm methodology,no,"Supports the regularized tree challenger; no chemical labels are transferred",2026-07-18
