id,pubchem_status,pubchem_retrieved,pubchem_url,pubchem_error,pubchem_cid,pubchem_formula,pubchem_mw,pubchem_xlogp,pubchem_tpsa,pubchem_complexity,pubchem_hbd,pubchem_hba,pubchem_rotatable,pubchem_heavy_atoms,pubchem_smiles,pubchem_isomeric_smiles
2a,name,2026-07-16,"https://pubchem.ncbi.nlm.nih.gov/rest/pug/compound/name/2-%28naphthalen-2-yl%29propanenitrile/property/MolecularFormula,MolecularWeight,XLogP,TPSA,Complexity,HBondDonorCount,HBondAcceptorCount,RotatableBondCount,HeavyAtomCount,CanonicalSMILES,IsomericSMILES/JSON",,13411570,C13H11N,181.23,3.7,23.8,237,0,1,1,14,CC(C#N)C1=CC2=CC=CC=C2C=C1,CC(C#N)C1=CC2=CC=CC=C2C=C1
2b,name,2026-07-16,"https://pubchem.ncbi.nlm.nih.gov/rest/pug/compound/name/2-%28naphthalen-1-yl%29propanenitrile/property/MolecularFormula,MolecularWeight,XLogP,TPSA,Complexity,HBondDonorCount,HBondAcceptorCount,RotatableBondCount,HeavyAtomCount,CanonicalSMILES,IsomericSMILES/JSON",,91132,C13H11N,181.23,3.4,23.8,237,0,1,1,14,CC(C#N)C1=CC=CC2=CC=CC=C21,CC(C#N)C1=CC=CC2=CC=CC=C21
2c,name,2026-07-16,"https://pubchem.ncbi.nlm.nih.gov/rest/pug/compound/name/2-%286-methoxynaphthalen-2-yl%29propanenitrile/property/MolecularFormula,MolecularWeight,XLogP,TPSA,Complexity,HBondDonorCount,HBondAcceptorCount,RotatableBondCount,HeavyAtomCount,CanonicalSMILES,IsomericSMILES/JSON",,607344,C14H13NO,211.26,3.5,33,280,0,2,2,16,CC(C#N)C1=CC2=C(C=C1)C=C(C=C2)OC,CC(C#N)C1=CC2=C(C=C1)C=C(C=C2)OC
2d,name,2026-07-16,"https://pubchem.ncbi.nlm.nih.gov/rest/pug/compound/name/2-phenylpropanenitrile/property/MolecularFormula,MolecularWeight,XLogP,TPSA,Complexity,HBondDonorCount,HBondAcceptorCount,RotatableBondCount,HeavyAtomCount,CanonicalSMILES,IsomericSMILES/JSON",,15761,C9H9N,131.17,2.1,23.8,136,0,1,1,10,CC(C#N)C1=CC=CC=C1,CC(C#N)C1=CC=CC=C1
2e,name,2026-07-16,"https://pubchem.ncbi.nlm.nih.gov/rest/pug/compound/name/2-phenylheptanenitrile/property/MolecularFormula,MolecularWeight,XLogP,TPSA,Complexity,HBondDonorCount,HBondAcceptorCount,RotatableBondCount,HeavyAtomCount,CanonicalSMILES,IsomericSMILES/JSON",,12652020,C13H17N,187.28,4.1,23.8,183,0,1,5,14,CCCCCC(C#N)C1=CC=CC=C1,CCCCCC(C#N)C1=CC=CC=C1
2f,name,2026-07-16,"https://pubchem.ncbi.nlm.nih.gov/rest/pug/compound/name/5-bromo-2-phenylpentanenitrile/property/MolecularFormula,MolecularWeight,XLogP,TPSA,Complexity,HBondDonorCount,HBondAcceptorCount,RotatableBondCount,HeavyAtomCount,CanonicalSMILES,IsomericSMILES/JSON",,134895435,C11H12BrN,238.12,3.1,23.8,176,0,1,4,13,C1=CC=C(C=C1)C(CCCBr)C#N,C1=CC=C(C=C1)C(CCCBr)C#N
2g,smiles_fallback,2026-07-16,"https://pubchem.ncbi.nlm.nih.gov/rest/pug/compound/smiles/COC%28%3DO%29CCCC%28C%23N%29c1ccccc1/property/MolecularFormula,MolecularWeight,XLogP,TPSA,Complexity,HBondDonorCount,HBondAcceptorCount,RotatableBondCount,HeavyAtomCount,CanonicalSMILES,IsomericSMILES/JSON",name query: HTTP Error 404: PUGREST.NotFound,0,,,,,,,,,,,
2h,name,2026-07-16,"https://pubchem.ncbi.nlm.nih.gov/rest/pug/compound/name/2-%284-methylphenyl%29propanenitrile/property/MolecularFormula,MolecularWeight,XLogP,TPSA,Complexity,HBondDonorCount,HBondAcceptorCount,RotatableBondCount,HeavyAtomCount,CanonicalSMILES,IsomericSMILES/JSON",,10630646,C10H11N,145.20,2.5,23.8,157,0,1,1,11,CC1=CC=C(C=C1)C(C)C#N,CC1=CC=C(C=C1)C(C)C#N
2i,name,2026-07-16,"https://pubchem.ncbi.nlm.nih.gov/rest/pug/compound/name/2-%284-methoxyphenyl%29propanenitrile/property/MolecularFormula,MolecularWeight,XLogP,TPSA,Complexity,HBondDonorCount,HBondAcceptorCount,RotatableBondCount,HeavyAtomCount,CanonicalSMILES,IsomericSMILES/JSON",,12297670,C10H11NO,161.20,1.9,33,174,0,2,2,12,CC(C#N)C1=CC=C(C=C1)OC,CC(C#N)C1=CC=C(C=C1)OC
2j,name,2026-07-16,"https://pubchem.ncbi.nlm.nih.gov/rest/pug/compound/name/2-%284-biphenylyl%29propanenitrile/property/MolecularFormula,MolecularWeight,XLogP,TPSA,Complexity,HBondDonorCount,HBondAcceptorCount,RotatableBondCount,HeavyAtomCount,CanonicalSMILES,IsomericSMILES/JSON",,13179387,C15H13N,207.27,3.8,23.8,248,0,1,2,16,CC(C#N)C1=CC=C(C=C1)C2=CC=CC=C2,CC(C#N)C1=CC=C(C=C1)C2=CC=CC=C2
2k,smiles_fallback,2026-07-16,"https://pubchem.ncbi.nlm.nih.gov/rest/pug/compound/smiles/CC%28C%23N%29c1ccc%28-c2ccccc2%29cc1F/property/MolecularFormula,MolecularWeight,XLogP,TPSA,Complexity,HBondDonorCount,HBondAcceptorCount,RotatableBondCount,HeavyAtomCount,CanonicalSMILES,IsomericSMILES/JSON",name query: HTTP Error 404: PUGREST.NotFound,20511087,C15H12FN,225.26,3.9,23.8,287,0,2,2,17,CC(C#N)C1=C(C=C(C=C1)C2=CC=CC=C2)F,CC(C#N)C1=C(C=C(C=C1)C2=CC=CC=C2)F
2l,name,2026-07-16,"https://pubchem.ncbi.nlm.nih.gov/rest/pug/compound/name/methyl%204-%281-cyanoethyl%29benzoate/property/MolecularFormula,MolecularWeight,XLogP,TPSA,Complexity,HBondDonorCount,HBondAcceptorCount,RotatableBondCount,HeavyAtomCount,CanonicalSMILES,IsomericSMILES/JSON",,19885048,C11H11NO2,189.21,2.6,50.1,245,0,3,3,14,CC(C#N)C1=CC=C(C=C1)C(=O)OC,CC(C#N)C1=CC=C(C=C1)C(=O)OC
2m,name,2026-07-16,"https://pubchem.ncbi.nlm.nih.gov/rest/pug/compound/name/2-%284-%28trifluoromethyl%29phenyl%29propanenitrile/property/MolecularFormula,MolecularWeight,XLogP,TPSA,Complexity,HBondDonorCount,HBondAcceptorCount,RotatableBondCount,HeavyAtomCount,CanonicalSMILES,IsomericSMILES/JSON",,43316800,C10H8F3N,199.17,3,23.8,229,0,4,1,14,CC(C#N)C1=CC=C(C=C1)C(F)(F)F,CC(C#N)C1=CC=C(C=C1)C(F)(F)F
2n,name,2026-07-16,"https://pubchem.ncbi.nlm.nih.gov/rest/pug/compound/name/4-%281-cyanoethyl%29benzonitrile/property/MolecularFormula,MolecularWeight,XLogP,TPSA,Complexity,HBondDonorCount,HBondAcceptorCount,RotatableBondCount,HeavyAtomCount,CanonicalSMILES,IsomericSMILES/JSON",,117047200,C10H8N2,156.18,1.9,47.6,231,0,2,1,12,CC(C#N)C1=CC=C(C=C1)C#N,CC(C#N)C1=CC=C(C=C1)C#N
2o,name,2026-07-16,"https://pubchem.ncbi.nlm.nih.gov/rest/pug/compound/name/2-%284-fluorophenyl%29propanenitrile/property/MolecularFormula,MolecularWeight,XLogP,TPSA,Complexity,HBondDonorCount,HBondAcceptorCount,RotatableBondCount,HeavyAtomCount,CanonicalSMILES,IsomericSMILES/JSON",,103573,C9H8FN,149.16,2.2,23.8,162,0,2,1,11,CC(C#N)C1=CC=C(C=C1)F,CC(C#N)C1=CC=C(C=C1)F
2p,name,2026-07-16,"https://pubchem.ncbi.nlm.nih.gov/rest/pug/compound/name/2-%284-chlorophenyl%29propanenitrile/property/MolecularFormula,MolecularWeight,XLogP,TPSA,Complexity,HBondDonorCount,HBondAcceptorCount,RotatableBondCount,HeavyAtomCount,CanonicalSMILES,IsomericSMILES/JSON",,102762,C9H8ClN,165.62,2.8,23.8,162,0,1,1,11,CC(C#N)C1=CC=C(C=C1)Cl,CC(C#N)C1=CC=C(C=C1)Cl
2q,name,2026-07-16,"https://pubchem.ncbi.nlm.nih.gov/rest/pug/compound/name/2-%284-bromophenyl%29propanenitrile/property/MolecularFormula,MolecularWeight,XLogP,TPSA,Complexity,HBondDonorCount,HBondAcceptorCount,RotatableBondCount,HeavyAtomCount,CanonicalSMILES,IsomericSMILES/JSON",,10750927,C9H8BrN,210.07,2.8,23.8,162,0,1,1,11,CC(C#N)C1=CC=C(C=C1)Br,CC(C#N)C1=CC=C(C=C1)Br
2r,name,2026-07-16,"https://pubchem.ncbi.nlm.nih.gov/rest/pug/compound/name/2-%283-chlorophenyl%29propanenitrile/property/MolecularFormula,MolecularWeight,XLogP,TPSA,Complexity,HBondDonorCount,HBondAcceptorCount,RotatableBondCount,HeavyAtomCount,CanonicalSMILES,IsomericSMILES/JSON",,55264353,C9H8ClN,165.62,2.8,23.8,170,0,1,1,11,CC(C#N)C1=CC(=CC=C1)Cl,CC(C#N)C1=CC(=CC=C1)Cl
2s,name,2026-07-16,"https://pubchem.ncbi.nlm.nih.gov/rest/pug/compound/name/2-%283-bromophenyl%29propanenitrile/property/MolecularFormula,MolecularWeight,XLogP,TPSA,Complexity,HBondDonorCount,HBondAcceptorCount,RotatableBondCount,HeavyAtomCount,CanonicalSMILES,IsomericSMILES/JSON",,12273137,C9H8BrN,210.07,2.8,23.8,170,0,1,1,11,CC(C#N)C1=CC(=CC=C1)Br,CC(C#N)C1=CC(=CC=C1)Br
2t,name,2026-07-16,"https://pubchem.ncbi.nlm.nih.gov/rest/pug/compound/name/2-%282-chlorophenyl%29propanenitrile/property/MolecularFormula,MolecularWeight,XLogP,TPSA,Complexity,HBondDonorCount,HBondAcceptorCount,RotatableBondCount,HeavyAtomCount,CanonicalSMILES,IsomericSMILES/JSON",,12636572,C9H8ClN,165.62,2.8,23.8,170,0,1,1,11,CC(C#N)C1=CC=CC=C1Cl,CC(C#N)C1=CC=CC=C1Cl
2u,name,2026-07-16,"https://pubchem.ncbi.nlm.nih.gov/rest/pug/compound/name/2-%282-bromophenyl%29propanenitrile/property/MolecularFormula,MolecularWeight,XLogP,TPSA,Complexity,HBondDonorCount,HBondAcceptorCount,RotatableBondCount,HeavyAtomCount,CanonicalSMILES,IsomericSMILES/JSON",,10608494,C9H8BrN,210.07,2.8,23.8,170,0,1,1,11,CC(C#N)C1=CC=CC=C1Br,CC(C#N)C1=CC=CC=C1Br
2v,name,2026-07-16,"https://pubchem.ncbi.nlm.nih.gov/rest/pug/compound/name/2-%282-fluorophenyl%29propanenitrile/property/MolecularFormula,MolecularWeight,XLogP,TPSA,Complexity,HBondDonorCount,HBondAcceptorCount,RotatableBondCount,HeavyAtomCount,CanonicalSMILES,IsomericSMILES/JSON",,13388012,C9H8FN,149.16,2.2,23.8,170,0,2,1,11,CC(C#N)C1=CC=CC=C1F,CC(C#N)C1=CC=CC=C1F
2w,name,2026-07-16,"https://pubchem.ncbi.nlm.nih.gov/rest/pug/compound/name/2-%282%2C4-dichlorophenyl%29propanenitrile/property/MolecularFormula,MolecularWeight,XLogP,TPSA,Complexity,HBondDonorCount,HBondAcceptorCount,RotatableBondCount,HeavyAtomCount,CanonicalSMILES,IsomericSMILES/JSON",,70588133,C9H7Cl2N,200.06,3.4,23.8,196,0,1,1,12,CC(C#N)C1=C(C=C(C=C1)Cl)Cl,CC(C#N)C1=C(C=C(C=C1)Cl)Cl
2x,name,2026-07-16,"https://pubchem.ncbi.nlm.nih.gov/rest/pug/compound/name/2-%282%2C6-dichlorophenyl%29propanenitrile/property/MolecularFormula,MolecularWeight,XLogP,TPSA,Complexity,HBondDonorCount,HBondAcceptorCount,RotatableBondCount,HeavyAtomCount,CanonicalSMILES,IsomericSMILES/JSON",,22759457,C9H7Cl2N,200.06,3.4,23.8,186,0,1,1,12,CC(C#N)C1=C(C=CC=C1Cl)Cl,CC(C#N)C1=C(C=CC=C1Cl)Cl
2y,name,2026-07-16,"https://pubchem.ncbi.nlm.nih.gov/rest/pug/compound/name/2-%284-bromo-3-fluorophenyl%29propanenitrile/property/MolecularFormula,MolecularWeight,XLogP,TPSA,Complexity,HBondDonorCount,HBondAcceptorCount,RotatableBondCount,HeavyAtomCount,CanonicalSMILES,IsomericSMILES/JSON",,117046357,C9H7BrFN,228.06,2.9,23.8,198,0,2,1,12,CC(C#N)C1=CC(=C(C=C1)Br)F,CC(C#N)C1=CC(=C(C=C1)Br)F
2z,name,2026-07-16,"https://pubchem.ncbi.nlm.nih.gov/rest/pug/compound/name/1%2C2%2C3%2C4-tetrahydronaphthalene-1-carbonitrile/property/MolecularFormula,MolecularWeight,XLogP,TPSA,Complexity,HBondDonorCount,HBondAcceptorCount,RotatableBondCount,HeavyAtomCount,CanonicalSMILES,IsomericSMILES/JSON",,10953780,C11H11N,157.21,2.5,23.8,200,0,1,0,12,C1CC(C2=CC=CC=C2C1)C#N,C1CC(C2=CC=CC=C2C1)C#N
3a,name,2026-07-16,"https://pubchem.ncbi.nlm.nih.gov/rest/pug/compound/name/2-%28thiophen-2-yl%29propanenitrile/property/MolecularFormula,MolecularWeight,XLogP,TPSA,Complexity,HBondDonorCount,HBondAcceptorCount,RotatableBondCount,HeavyAtomCount,CanonicalSMILES,IsomericSMILES/JSON",,10942499,C7H7NS,137.20,1.9,52,135,0,2,1,9,CC(C#N)C1=CC=CS1,CC(C#N)C1=CC=CS1
3b,smiles_fallback,2026-07-16,"https://pubchem.ncbi.nlm.nih.gov/rest/pug/compound/smiles/N%23CC1CCCc2ccc%28Cl%29nc21/property/MolecularFormula,MolecularWeight,XLogP,TPSA,Complexity,HBondDonorCount,HBondAcceptorCount,RotatableBondCount,HeavyAtomCount,CanonicalSMILES,IsomericSMILES/JSON",name query: HTTP Error 404: PUGREST.NotFound,0,,,,,,,,,,,
3c,smiles_fallback,2026-07-16,"https://pubchem.ncbi.nlm.nih.gov/rest/pug/compound/smiles/N%23CC1CCC2%3DCC%3DCC%3DC2C1%3DO/property/MolecularFormula,MolecularWeight,XLogP,TPSA,Complexity,HBondDonorCount,HBondAcceptorCount,RotatableBondCount,HeavyAtomCount,CanonicalSMILES,IsomericSMILES/JSON",name query: HTTP Error 404: PUGREST.NotFound,12231027,C11H9NO,171.19,2,40.9,263,0,2,0,13,C1CC2=CC=CC=C2C(=O)C1C#N,C1CC2=CC=CC=C2C(=O)C1C#N
3d,smiles_fallback,2026-07-16,"https://pubchem.ncbi.nlm.nih.gov/rest/pug/compound/smiles/C%5BSi%5D%28C%29%28C%29C%23CC%28C%23N%29CCc1ccccc1/property/MolecularFormula,MolecularWeight,XLogP,TPSA,Complexity,HBondDonorCount,HBondAcceptorCount,RotatableBondCount,HeavyAtomCount,CanonicalSMILES,IsomericSMILES/JSON",name query: HTTP Error 404: PUGREST.NotFound,0,,,,,,,,,,,
