id,qmdesc_version,torch_version,rdkit_version,reaction_centre_atom_index,axis_directly_aromatic,centre_hirshfeld_charge_pred,centre_fukui_nucleophilic_pred,centre_fukui_electrophilic_pred,centre_nmr_shielding_pred,centre_cn_bond_order_pred,centre_cn_bond_length_pred,centre_aryl_bond_order_pred,centre_aryl_bond_length_pred,molecule_charge_abs_mean_pred,molecule_fukui_neu_max_pred,molecule_fukui_elec_max_pred,descriptor_semantics,model_target_level,source_url,source_doi
2a,1.0.6,2.13.0+cpu,2025.09.6,1,1,0.013539767824113369,0.007480250671505928,0.011774725280702114,159.93304443359375,1.0369421243667603,1.4444921016693115,0.968610405921936,1.514495611190796,0.04308671876788139,0.08928237110376358,0.08352030813694,ml_predicted_b3lyp_def2svp_targets_not_direct_quantum_chemistry,B3LYP/def2-SVP as documented by qmdesc,https://qmdesc.readthedocs.io/en/latest/,10.1039/D0SC04823J
2b,1.0.6,2.13.0+cpu,2025.09.6,1,1,0.018868766725063324,0.0083284517750144,0.012526110745966434,161.4646759033203,1.0406821966171265,1.4450453519821167,0.9669544696807861,1.5161834955215454,0.04325900599360466,0.08812166005373001,0.08383722603321075,ml_predicted_b3lyp_def2svp_targets_not_direct_quantum_chemistry,B3LYP/def2-SVP as documented by qmdesc,https://qmdesc.readthedocs.io/en/latest/,10.1039/D0SC04823J
2c,1.0.6,2.13.0+cpu,2025.09.6,8,1,0.013289844617247581,0.006453510839492083,0.011623415164649487,159.9330291748047,1.0369421243667603,1.4444921016693115,0.9671926498413086,1.515329360961914,0.04801291972398758,0.09746149927377701,0.08166182786226273,ml_predicted_b3lyp_def2svp_targets_not_direct_quantum_chemistry,B3LYP/def2-SVP as documented by qmdesc,https://qmdesc.readthedocs.io/en/latest/,10.1039/D0SC04823J
2d,1.0.6,2.13.0+cpu,2025.09.6,1,1,0.015197196044027805,0.016984466463327408,0.023592306300997734,159.57464599609375,1.0403938293457031,1.4438629150390625,0.9674651622772217,1.5150513648986816,0.04880572482943535,0.14263048768043518,0.11049015820026398,ml_predicted_b3lyp_def2svp_targets_not_direct_quantum_chemistry,B3LYP/def2-SVP as documented by qmdesc,https://qmdesc.readthedocs.io/en/latest/,10.1039/D0SC04823J
2e,1.0.6,2.13.0+cpu,2025.09.6,5,1,0.012725413776934147,0.017568979412317276,0.020246637985110283,153.2552947998047,1.0428225994110107,1.442275047302246,0.966753363609314,1.5146211385726929,0.041587695479393005,0.12402696162462234,0.10334920883178711,ml_predicted_b3lyp_def2svp_targets_not_direct_quantum_chemistry,B3LYP/def2-SVP as documented by qmdesc,https://qmdesc.readthedocs.io/en/latest/,10.1039/D0SC04823J
2f,1.0.6,2.13.0+cpu,2025.09.6,4,1,0.013097862713038921,0.013729791156947613,0.01840377226471901,154.78147888183594,1.0431252717971802,1.442183017730713,0.9650753140449524,1.5144975185394287,0.04522044584155083,0.22010090947151184,0.1267629861831665,ml_predicted_b3lyp_def2svp_targets_not_direct_quantum_chemistry,B3LYP/def2-SVP as documented by qmdesc,https://qmdesc.readthedocs.io/en/latest/,10.1039/D0SC04823J
2g,1.0.6,2.13.0+cpu,2025.09.6,7,1,0.012388651259243488,0.015165038406848907,0.01608290895819664,155.88685607910156,1.0428369045257568,1.4422149658203125,0.9648263454437256,1.5150063037872314,0.0590948760509491,0.1100679337978363,0.08674061298370361,ml_predicted_b3lyp_def2svp_targets_not_direct_quantum_chemistry,B3LYP/def2-SVP as documented by qmdesc,https://qmdesc.readthedocs.io/en/latest/,10.1039/D0SC04823J
2h,1.0.6,2.13.0+cpu,2025.09.6,1,1,0.01426558755338192,0.014644235372543335,0.01986362412571907,160.22877502441406,1.0395493507385254,1.4439269304275513,0.9682646989822388,1.5149154663085938,0.0477018840610981,0.11918587237596512,0.0867706835269928,ml_predicted_b3lyp_def2svp_targets_not_direct_quantum_chemistry,B3LYP/def2-SVP as documented by qmdesc,https://qmdesc.readthedocs.io/en/latest/,10.1039/D0SC04823J
2i,1.0.6,2.13.0+cpu,2025.09.6,1,1,0.013753759674727917,0.013351969420909882,0.015728920698165894,161.15577697753906,1.0380260944366455,1.4449915885925293,0.9696094989776611,1.5137892961502075,0.0541861318051815,0.12672409415245056,0.10126081109046936,ml_predicted_b3lyp_def2svp_targets_not_direct_quantum_chemistry,B3LYP/def2-SVP as documented by qmdesc,https://qmdesc.readthedocs.io/en/latest/,10.1039/D0SC04823J
2j,1.0.6,2.13.0+cpu,2025.09.6,1,1,0.015589500777423382,0.009917855262756348,0.016300911083817482,160.21200561523438,1.037736415863037,1.445379614830017,0.9674821496009827,1.5136380195617676,0.04245695844292641,0.08749935030937195,0.07737156748771667,ml_predicted_b3lyp_def2svp_targets_not_direct_quantum_chemistry,B3LYP/def2-SVP as documented by qmdesc,https://qmdesc.readthedocs.io/en/latest/,10.1039/D0SC04823J
2k,1.0.6,2.13.0+cpu,2025.09.6,1,1,0.01316878106445074,0.00849312823265791,0.015228905715048313,165.97938537597656,1.0328893661499023,1.4469985961914062,0.9678183794021606,1.5111632347106934,0.04808070510625839,0.09163493663072586,0.07326944172382355,ml_predicted_b3lyp_def2svp_targets_not_direct_quantum_chemistry,B3LYP/def2-SVP as documented by qmdesc,https://qmdesc.readthedocs.io/en/latest/,10.1039/D0SC04823J
2l,1.0.6,2.13.0+cpu,2025.09.6,8,1,0.016735635697841644,0.015161899849772453,0.020771831274032593,159.5326385498047,1.039566993713379,1.4451863765716553,0.9702273607254028,1.5133492946624756,0.06433890014886856,0.10872087627649307,0.10009756684303284,ml_predicted_b3lyp_def2svp_targets_not_direct_quantum_chemistry,B3LYP/def2-SVP as documented by qmdesc,https://qmdesc.readthedocs.io/en/latest/,10.1039/D0SC04823J
2m,1.0.6,2.13.0+cpu,2025.09.6,1,1,0.017065687105059624,0.016088344156742096,0.02436934970319271,159.57460021972656,1.0395493507385254,1.4439269304275513,0.9670702219009399,1.5120619535446167,0.06938311457633972,0.11385104060173035,0.09630310535430908,ml_predicted_b3lyp_def2svp_targets_not_direct_quantum_chemistry,B3LYP/def2-SVP as documented by qmdesc,https://qmdesc.readthedocs.io/en/latest/,10.1039/D0SC04823J
2n,1.0.6,2.13.0+cpu,2025.09.6,1,1,0.017970170825719833,0.013750334270298481,0.0219713244587183,158.73825073242188,1.0389330387115479,1.4454147815704346,0.9677459001541138,1.5115466117858887,0.057129282504320145,0.16937442123889923,0.146760955452919,ml_predicted_b3lyp_def2svp_targets_not_direct_quantum_chemistry,B3LYP/def2-SVP as documented by qmdesc,https://qmdesc.readthedocs.io/en/latest/,10.1039/D0SC04823J
2o,1.0.6,2.13.0+cpu,2025.09.6,1,1,0.014619119465351105,0.015598023310303688,0.01560894399881363,160.3877410888672,1.039599061012268,1.4442017078399658,0.967132031917572,1.5148499011993408,0.058404892683029175,0.12432700395584106,0.1107933297753334,ml_predicted_b3lyp_def2svp_targets_not_direct_quantum_chemistry,B3LYP/def2-SVP as documented by qmdesc,https://qmdesc.readthedocs.io/en/latest/,10.1039/D0SC04823J
2p,1.0.6,2.13.0+cpu,2025.09.6,1,1,0.015291819348931313,0.013503775000572205,0.01804150640964508,160.04002380371094,1.0389052629470825,1.4445234537124634,0.9667026400566101,1.5139195919036865,0.04957963898777962,0.2492378205060959,0.10864661633968353,ml_predicted_b3lyp_def2svp_targets_not_direct_quantum_chemistry,B3LYP/def2-SVP as documented by qmdesc,https://qmdesc.readthedocs.io/en/latest/,10.1039/D0SC04823J
2q,1.0.6,2.13.0+cpu,2025.09.6,1,1,0.015480805188417435,0.012926042079925537,0.018805909901857376,159.93702697753906,1.0386788845062256,1.4446781873703003,0.9661504626274109,1.5132958889007568,0.04793384298682213,0.3120158612728119,0.1361718326807022,ml_predicted_b3lyp_def2svp_targets_not_direct_quantum_chemistry,B3LYP/def2-SVP as documented by qmdesc,https://qmdesc.readthedocs.io/en/latest/,10.1039/D0SC04823J
2r,1.0.6,2.13.0+cpu,2025.09.6,1,1,0.015969090163707733,0.010107225738465786,0.022992365062236786,159.73033142089844,1.0406156778335571,1.443455457687378,0.9659773111343384,1.5138061046600342,0.05033716559410095,0.24017667770385742,0.11338257789611816,ml_predicted_b3lyp_def2svp_targets_not_direct_quantum_chemistry,B3LYP/def2-SVP as documented by qmdesc,https://qmdesc.readthedocs.io/en/latest/,10.1039/D0SC04823J
2s,1.0.6,2.13.0+cpu,2025.09.6,1,1,0.015762005001306534,0.009196312166750431,0.022557709366083145,159.5520782470703,1.0404932498931885,1.443603277206421,0.9661386013031006,1.5135483741760254,0.048596933484077454,0.3080970048904419,0.12388388812541962,ml_predicted_b3lyp_def2svp_targets_not_direct_quantum_chemistry,B3LYP/def2-SVP as documented by qmdesc,https://qmdesc.readthedocs.io/en/latest/,10.1039/D0SC04823J
2t,1.0.6,2.13.0+cpu,2025.09.6,1,1,0.010955195873975754,0.011268658563494682,0.01772945001721382,162.469970703125,1.039363980293274,1.4445106983184814,0.9673702716827393,1.5136563777923584,0.04689870402216911,0.21873839199543,0.11554088443517685,ml_predicted_b3lyp_def2svp_targets_not_direct_quantum_chemistry,B3LYP/def2-SVP as documented by qmdesc,https://qmdesc.readthedocs.io/en/latest/,10.1039/D0SC04823J
2u,1.0.6,2.13.0+cpu,2025.09.6,1,1,0.009517320431768894,0.00810801237821579,0.015671733766794205,160.18936157226562,1.038169026374817,1.4440867900848389,0.9671608209609985,1.5129344463348389,0.04471195489168167,0.2916356325149536,0.12423132359981537,ml_predicted_b3lyp_def2svp_targets_not_direct_quantum_chemistry,B3LYP/def2-SVP as documented by qmdesc,https://qmdesc.readthedocs.io/en/latest/,10.1039/D0SC04823J
2v,1.0.6,2.13.0+cpu,2025.09.6,1,1,0.013392757624387741,0.013283968903124332,0.022457018494606018,166.08937072753906,1.0389080047607422,1.4450637102127075,0.9682080745697021,1.5122871398925781,0.056887928396463394,0.12593871355056763,0.11922170221805573,ml_predicted_b3lyp_def2svp_targets_not_direct_quantum_chemistry,B3LYP/def2-SVP as documented by qmdesc,https://qmdesc.readthedocs.io/en/latest/,10.1039/D0SC04823J
2w,1.0.6,2.13.0+cpu,2025.09.6,1,1,0.011674471199512482,0.011730695143342018,0.01413702592253685,163.13563537597656,1.0368143320083618,1.4456764459609985,0.967197060585022,1.5128751993179321,0.047578420490026474,0.21167156100273132,0.10943277180194855,ml_predicted_b3lyp_def2svp_targets_not_direct_quantum_chemistry,B3LYP/def2-SVP as documented by qmdesc,https://qmdesc.readthedocs.io/en/latest/,10.1039/D0SC04823J
2x,1.0.6,2.13.0+cpu,2025.09.6,1,1,0.005071297287940979,0.004129673354327679,0.011438379064202309,164.3907928466797,1.0384691953659058,1.445460319519043,0.9678711891174316,1.5133535861968994,0.04506853595376015,0.17561984062194824,0.11879423260688782,ml_predicted_b3lyp_def2svp_targets_not_direct_quantum_chemistry,B3LYP/def2-SVP as documented by qmdesc,https://qmdesc.readthedocs.io/en/latest/,10.1039/D0SC04823J
2y,1.0.6,2.13.0+cpu,2025.09.6,1,1,0.016321275383234024,0.011809791438281536,0.020426983013749123,159.8717498779297,1.039636492729187,1.4450498819351196,0.9671961069107056,1.5122977495193481,0.055120110511779785,0.29629385471343994,0.14686746895313263,ml_predicted_b3lyp_def2svp_targets_not_direct_quantum_chemistry,B3LYP/def2-SVP as documented by qmdesc,https://qmdesc.readthedocs.io/en/latest/,10.1039/D0SC04823J
2z,1.0.6,2.13.0+cpu,2025.09.6,2,1,0.009110151790082455,0.016009017825126648,0.020350411534309387,159.17755126953125,1.0317578315734863,1.4451929330825806,0.9631384611129761,1.5146875381469727,0.04322681576013565,0.11296895146369934,0.1034879982471466,ml_predicted_b3lyp_def2svp_targets_not_direct_quantum_chemistry,B3LYP/def2-SVP as documented by qmdesc,https://qmdesc.readthedocs.io/en/latest/,10.1039/D0SC04823J
3a,1.0.6,2.13.0+cpu,2025.09.6,1,1,0.009870539419353008,0.017004285007715225,0.02408110536634922,165.61122131347656,1.0288313627243042,1.4476232528686523,0.9865961074829102,1.5013179779052734,0.06113503500819206,0.1606285572052002,0.19247591495513916,ml_predicted_b3lyp_def2svp_targets_not_direct_quantum_chemistry,B3LYP/def2-SVP as documented by qmdesc,https://qmdesc.readthedocs.io/en/latest/,10.1039/D0SC04823J
3b,1.0.6,2.13.0+cpu,2025.09.6,2,1,0.005949835292994976,0.014891477301716805,0.019149914383888245,158.42562866210938,1.0360817909240723,1.4430958032608032,0.9644060730934143,1.5174124240875244,0.053942300379276276,0.23367035388946533,0.12569865584373474,ml_predicted_b3lyp_def2svp_targets_not_direct_quantum_chemistry,B3LYP/def2-SVP as documented by qmdesc,https://qmdesc.readthedocs.io/en/latest/,10.1039/D0SC04823J
3c,1.0.6,2.13.0+cpu,2025.09.6,2,0,0.004271414130926132,0.04088899493217468,0.017749479040503502,152.1317596435547,1.0417529344558716,1.4396612644195557,0.927855372428894,1.5345089435577393,0.05857391655445099,0.15341195464134216,0.14504244923591614,ml_predicted_b3lyp_def2svp_targets_not_direct_quantum_chemistry,B3LYP/def2-SVP as documented by qmdesc,https://qmdesc.readthedocs.io/en/latest/,10.1039/D0SC04823J
3d,1.0.6,2.13.0+cpu,2025.09.6,6,0,0.027442023158073425,0.009846429340541363,0.022889263927936554,171.3279266357422,1.0259613990783691,1.4443786144256592,0.9587076306343079,1.5436432361602783,0.06665323674678802,0.10464062541723251,0.07364510744810104,ml_predicted_b3lyp_def2svp_targets_not_direct_quantum_chemistry,B3LYP/def2-SVP as documented by qmdesc,https://qmdesc.readthedocs.io/en/latest/,10.1039/D0SC04823J
