system_id,title_zh,title_en,reaction_class_zh,reaction_class_en,status,model_id,quantitative_rows,condition_rows,outputs,doi,condition_summary_zh,condition_summary_en,boundary_zh,boundary_en
nhp_deoxygenative_asymmetric_cyanation,NHP 醚脱氧不对称氰化,NHP-ether deoxygenative asymmetric cyanation,光氧化还原/铜协同催化不对称自由基氰化,Cooperative photoredox/copper asymmetric radical cyanation,quantitative,production_champion_v4.3_with_v4.4_gate,26,33,yield_pct|ee_pct,10.1021/acs.orglett.5c05116,fac-Ir(ppy)3（面式三(2-苯基吡啶)合铱(III)）/CuCN（氰化亚铜）/L1（原文手性配体编号）/DCM（二氯甲烷），450–465 nm,"fac-Ir(ppy)3/CuCN/L1/DCM, 450–465 nm",只对固定优化协议下的仲苄基 NHP 醚输出定量结果；条件变化仅查阅原文单因素证据。,Quantitative output is restricted to secondary benzylic NHP ethers under the fixed optimized protocol; condition changes are literature evidence only.
alkoxycarbonyl_cyanation_styrenes,苯乙烯不对称烷氧羰基氰化,Asymmetric alkoxycarbonyl-cyanation of styrenes,烯烃加成型光氧化还原/铜协同催化,Alkene-addition photoredox/copper catalysis,evidence_only,,0,0,,10.1021/acscatal.5c04002,反应物、自由基生成与成键顺序均不同；未与目标训练集数值合并。,"Different reactants, radical generation, and bond-forming sequence; no numerical pooling.",仅用于机理对照和实验因素清单，不输出产率或 ee 点预测。,Mechanistic reference and factor inventory only; no yield or ee point prediction.
electrochemical_cyanoesterification_vinylarenes,乙烯基芳烃电化学不对称氰酯化,Electrochemical asymmetric cyanoesterification of vinylarenes,电化学铜催化烯烃双官能团化,Electrochemical copper-catalyzed alkene difunctionalization,evidence_only,,0,0,,10.1038/s41467-025-62137-7,电极、电流/电位和电解质是额外决定因素，不能映射到光催化固定协议。,"Electrode, current/potential, and electrolyte are additional determinants not mapped to the fixed photochemical protocol.",证据浏览模式；不进行跨电化学/光化学迁移。,Evidence browser only; no electrochemical-to-photochemical transfer.
tertiary_radical_cyanation,三级自由基不对称氰化,Asymmetric tertiary-radical cyanation,铜催化三级自由基对映汇聚氰化,Copper-catalyzed enantioconvergent tertiary-radical cyanation,refusal_only,,0,0,,10.1021/acs.orglett.4c03914,自由基级别和配体空间口袋与仲苄基 NHP 醚体系不同。,Radical substitution and ligand pocket differ from the secondary-benzylic NHP-ether system.,作为硬拒绝压力测试；不输出数值。,Hard-refusal stress test; no numerical output.
propargylic_radical_cyanation,炔丙基自由基不对称氰化,Asymmetric propargylic-radical cyanation,丙二烯/炔烃来源炔丙基自由基氰化,Propargylic-radical cyanation from allenes/alkynes,refusal_only,,0,0,,10.1002/anie.202505939,涉及炔丙基自由基与氢原子转移路径，反应中心定义不同。,A propargylic radical/HAT pathway uses a different reaction-centre definition.,仅作反应类别拒绝验证。,Reaction-class refusal validation only.
sulfonylcyanation_vinylarenes,乙烯基芳烃不对称磺酰氰化,Asymmetric sulfonylcyanation of vinylarenes,磺酰自由基烯烃加成/铜捕获,Sulfonyl-radical alkene addition/copper capture,evidence_only,,0,0,,10.1002/cctc.202500258,自由基来源和烯烃加成序列不同。,Different radical source and alkene-addition sequence.,仅显示文献边界，不进行数值迁移。,Literature boundary only; no numerical transfer.
allenic_ch_cyanation,联烯 C(sp2)-H 键不对称氰化,Enantioselective cyanation of allenic C(sp2)-H bonds,联烯 C-H 活化与轴手性构建,Allenic C-H activation and axial-chirality construction,refusal_only,,0,0,,10.1021/acscatal.5c01796,轴手性终点与目标中心手性终点不同。,Axial-chirality endpoint differs from the target central-chirality endpoint.,硬拒绝体系。,Hard-refusal system.
carbocyanation_dienes_vinylarenes,二烯/乙烯基芳烃不对称碳氰化,Asymmetric carbocyanation of dienes/vinylarenes,HAT 产生酰基/烷基自由基的烯烃碳氰化,HAT-derived acyl/alkyl-radical carbocyanation,evidence_only,,0,0,,10.1021/acscatal.5c04586,HAT 自由基生成和烯烃加成网络不同。,Different HAT radical-generation and alkene-addition network.,只作机理压力测试，不合并标签。,Mechanistic stress test only; labels are not pooled.
kharasch_haloalkylation,光诱导铜催化 Kharasch 型卤烷基化,Photoinduced copper-catalyzed Kharasch-type haloalkylation,非对称自由基卤烷基化,Non-asymmetric radical haloalkylation,evidence_only,,0,0,,10.1021/jacs.5c05699,成键步骤和目标函数不同，且不以 ee 为终点。,Different bond-forming step and objective; ee is not an endpoint.,作为光诱导铜催化背景，不输出不对称预测。,Photochemical copper-catalysis background only; no asymmetric prediction.
