target,config_id,algorithm,feature_set,deployable_from_manual_ui,alpha,k,transformed,max_depth,learning_rate,n_estimators,mae,rmse,median_ae,max_ae,bias,r2,spearman
ee,ridge|mechanism_hybrid|alpha=10.0,ridge,mechanism_hybrid,False,10.0,,,,,,5.309683940039575,9.892853919084864,2.527447108680377,39.32538213069142,2.7666216805739934,0.24316892036809667,0.7719648985965095
ee,knn|mechanism_hybrid|k=6|transformed=False,knn,mechanism_hybrid,False,,6,False,,,,5.332335460421212,9.944944756292001,2.91516931218019,39.056960896215315,1.8444597697541032,0.23517774646457135,0.6901627410426496
ee,ridge|mechanism_hybrid|alpha=3.0,ridge,mechanism_hybrid,False,3.0,,,,,,5.388334503426398,9.933851668990288,2.7419878242927496,40.283600301517694,2.4899803699642793,0.23688303661235066,0.7465306143150572
ee,knn|mechanism_hybrid|k=5|transformed=True,knn,mechanism_hybrid,False,,5,True,,,,5.402387881186619,10.326561880025407,2.528834029311703,42.88925543765633,2.472037000518516,0.17535454542523277,0.6795078381679871
ee,ridge|interaction_hybrid|alpha=3.0,ridge,interaction_hybrid,False,3.0,,,,,,5.424951360929445,9.458964320094367,2.9941137671413856,39.42947578056466,2.9711042112950867,0.308100621602897,0.6750396530915158
ee,ridge|interaction_hybrid|alpha=1.0,ridge,interaction_hybrid,False,1.0,,,,,,5.4397262994212054,9.925214214521349,2.094721442147616,42.04363887144238,2.98554472011579,0.23820951553495517,0.6908501541313375
ee,knn|mechanism_hybrid|k=5|transformed=False,knn,mechanism_hybrid,False,,5,False,,,,5.496651440309597,10.38811088583553,2.7190548614857875,42.66075804350143,1.693102257024995,0.16549504556538497,0.6932560999417452
ee,knn|mechanism_hybrid|k=6|transformed=True,knn,mechanism_hybrid,False,,6,True,,,,5.501672920888922,10.16295251146481,3.024231264934393,40.35943875643585,2.721034941344715,0.20127816263389664,0.6953183392078088
ee,ridge|mechanism_hybrid|alpha=30.0,ridge,mechanism_hybrid,False,30.0,,,,,,5.571860601056928,10.272663428579511,3.0570605599506706,41.11782198015422,2.8128927631763188,0.18394038839791949,0.7599351695444712
ee,xgboost|interaction_hybrid|max_depth=2|learning_rate=0.1|n_estimators=100,xgboost,interaction_hybrid,False,,,,2,0.1,100,5.62385285827396,9.332460352296557,3.8264732196069033,38.46271763386437,1.4420306005136883,0.3264837584700909,0.6400285829037549
ee,xgboost|interaction_hybrid|max_depth=1|learning_rate=0.1|n_estimators=100,xgboost,interaction_hybrid,False,,,,1,0.1,100,5.675466006947993,9.383592701942915,3.428642040764217,37.43571915604005,1.7904407323839389,0.31908317803072106,0.6456402194945952
ee,xgboost|mechanism_hybrid|max_depth=2|learning_rate=0.1|n_estimators=100,xgboost,mechanism_hybrid,False,,,,2,0.1,100,5.6911641802847175,9.820013072591081,3.2140717560429124,41.50242022623,1.6430119844711397,0.25427294819940094,0.6247934557752223
ee,ridge|interaction_hybrid|alpha=10.0,ridge,interaction_hybrid,False,10.0,,,,,,5.7213128092975705,9.592401107877738,2.7611164909949792,37.83257028079721,3.0059360118868392,0.2884418013436453,0.6751550740811756
ee,xgboost|manual_expanded|max_depth=1|learning_rate=0.1|n_estimators=100,xgboost,manual_expanded,True,,,,1,0.1,100,5.740398514840091,10.394323568960386,2.784539409804246,41.86611613671795,2.207153018312134,0.16449658391573752,0.5248865705502056
ee,knn|discriminating_2d|k=3|transformed=True,knn,discriminating_2d,True,,3,True,,,,5.770037886598306,10.972270000545263,3.03925175477638,43.398177262768186,3.1769478555629367,0.06900202182381832,0.4785213152347232
ee,xgboost|mechanism_hybrid|max_depth=1|learning_rate=0.1|n_estimators=100,xgboost,mechanism_hybrid,False,,,,1,0.1,100,5.770149863591462,9.597264253204454,3.770736650900446,39.131998022404375,1.5681952147806453,0.2877201284137325,0.635386957403244
ee,ridge|discriminating_2d|alpha=10.0,ridge,discriminating_2d,True,10.0,,,,,,5.78724670017823,10.464154559893508,3.4029144025804285,42.28562888420254,3.0186620637926396,0.15323274089802885,0.661060696261762
ee,knn|mechanism_hybrid|k=4|transformed=True,knn,mechanism_hybrid,False,,4,True,,,,5.807716414852175,10.610101206564828,2.577094779757381,42.34837977741614,2.425254072439553,0.12944779689348962,0.646855716455312
ee,ridge|qmdesc_hybrid|alpha=10.0,ridge,qmdesc_hybrid,False,10.0,,,,,,5.846084135741423,10.795043118109255,2.929941477167688,43.07901789044183,3.1807750560196437,0.09883455885464343,0.6554483800639108
ee,ridge|discriminating_2d|alpha=30.0,ridge,discriminating_2d,True,30.0,,,,,,5.858446643140294,10.761325515960463,2.3642009916640916,43.68179819438686,2.9756851997251488,0.10445522836011567,0.5874949193506767
ee,xgboost|physchem_compact|max_depth=2|learning_rate=0.1|n_estimators=100,xgboost,physchem_compact,False,,,,2,0.1,100,5.917787418548565,10.272762669733039,3.8746850276427907,42.86480243032895,2.4951340234405,0.18392462090218487,0.544445480004349
ee,knn|discriminating_2d|k=2|transformed=True,knn,discriminating_2d,True,,2,True,,,,5.918931023979332,11.077801556968202,3.3052950025717607,44.999999999999986,3.1027633386685625,0.051007176731452164,0.5294452878169926
ee,ridge|qmdesc_hybrid|alpha=30.0,ridge,qmdesc_hybrid,False,30.0,,,,,,5.940582307894105,11.082589036787832,2.5199086853971124,44.704377687166414,3.078934581255314,0.05018674937504597,0.5832700057516813
ee,xgboost|mechanistic_full|max_depth=2|learning_rate=0.05|n_estimators=100,xgboost,mechanistic_full,False,,,,2,0.05,100,5.957399018137579,11.093285253415251,3.677135939101312,42.89841503223545,2.3268293225048122,0.048352464829998776,0.5568046018371974
ee,knn|mechanism_hybrid|k=3|transformed=True,knn,mechanism_hybrid,False,,3,True,,,,5.968300669562018,10.65805654047268,3.1713953486194697,43.282124476567674,2.3817822183696262,0.1215606022620479,0.6489179557213756
ee,knn|mechanism_hybrid|k=4|transformed=False,knn,mechanism_hybrid,False,,4,False,,,,5.977179121955264,10.661697943025462,3.0244745067676035,42.10666291618544,1.788428896836541,0.12096024930058757,0.654073553886535
ee,knn|discriminating_2d|k=5|transformed=True,knn,discriminating_2d,True,,5,True,,,,5.978558851829968,11.058507500251025,2.908380704239441,44.196429574306734,2.301309890180217,0.054309993845736315,0.526992224320999
ee,ridge|manual_expanded|alpha=10.0,ridge,manual_expanded,True,10.0,,,,,,5.9822702511533885,10.671155841925247,3.8473981113607536,42.67778995672481,3.174219498691273,0.1193999806237418,0.6396068096790083
ee,ridge|mechanistic_full|alpha=3.0,ridge,mechanistic_full,False,3.0,,,,,,6.0200609592119445,11.21759020819372,2.90335958337657,43.7737994995545,2.9535954775461826,0.026905747993737794,0.5564608952928535
ee,ridge|interaction_hybrid|alpha=30.0,ridge,interaction_hybrid,False,30.0,,,,,,6.022819354493136,10.19633925808197,3.5850054106551994,40.20245919343414,3.101445663391444,0.1960217126870275,0.6317326285041782
ee,xgboost|steric_hybrid|max_depth=2|learning_rate=0.1|n_estimators=100,xgboost,steric_hybrid,False,,,,2,0.1,100,6.026732067481248,11.043479429597307,3.781967189497003,42.29751233673983,1.9299353241121968,0.056878557375415695,0.5715839832439872
ee,xgboost|interaction_hybrid|max_depth=2|learning_rate=0.05|n_estimators=100,xgboost,interaction_hybrid,False,,,,2,0.05,100,6.029828236522838,10.087817414932488,3.9948934109120415,41.12914254584125,1.89479316247312,0.21304446905392316,0.615722403731064
ee,xgboost|steric_hybrid|max_depth=2|learning_rate=0.05|n_estimators=100,xgboost,steric_hybrid,False,,,,2,0.05,100,6.034275931891904,11.174912357359867,3.597642288715477,43.743369522198236,2.203761996942165,0.034296028786494515,0.5193405885037069
ee,xgboost|interaction_hybrid|max_depth=1|learning_rate=0.05|n_estimators=100,xgboost,interaction_hybrid,False,,,,1,0.05,100,6.039487166966699,10.203242363437717,4.1598795271023405,41.18149589507479,2.090767642747035,0.19493272861391686,0.5795419307753564
ee,xgboost|physchem_compact|max_depth=1|learning_rate=0.1|n_estimators=100,xgboost,physchem_compact,False,,,,1,0.1,100,6.046522077900321,10.293670343448683,4.130319682857184,42.61071734297863,2.237048032843259,0.18059940035730104,0.4828942853463504
ee,xgboost|discriminating_2d|max_depth=1|learning_rate=0.1|n_estimators=100,xgboost,discriminating_2d,True,,,,1,0.1,100,6.04875271132091,10.523740344146127,3.1369887867565183,41.54100614674873,2.0307135967462835,0.14356183168113434,0.49673699315706743
ee,knn|interaction_hybrid|k=2|transformed=True,knn,interaction_hybrid,False,,2,True,,,,6.0562924007044785,11.168553180351202,3.2510102780619903,44.999999999999986,4.541776269145428,0.03539479985109051,0.625822042519046
ee,knn|discriminating_2d|k=6|transformed=True,knn,discriminating_2d,True,,6,True,,,,6.072027806242007,11.054808813736363,3.141140836855122,44.16696796644513,2.183306392686254,0.05494248894955256,0.4609892842886234
ee,ridge|mechanistic_full|alpha=10.0,ridge,mechanistic_full,False,10.0,,,,,,6.086578346768288,10.987783004801736,3.568870137554285,42.98999146667255,3.0217804548516387,0.06636760154008114,0.5791455272195541
ee,xgboost|manual_core|max_depth=1|learning_rate=0.05|n_estimators=100,xgboost,manual_core,True,,,,1,0.05,100,6.09037203595282,10.756185487929883,3.674594281651963,43.49657318311827,2.1804608825963694,0.10531051814874481,0.5494342629082222
ee,ridge|manual_expanded|alpha=3.0,ridge,manual_expanded,True,3.0,,,,,,6.094895315152835,10.612133804445703,3.4894065115042068,42.99769076547635,3.1023079517356256,0.12911421816122404,0.6709162339290297
ee,ridge|mechanistic_full|alpha=30.0,ridge,mechanistic_full,False,30.0,,,,,,6.0965481996692565,11.035456260462407,3.0641770818905343,43.523536555758724,3.011475811854533,0.058248428931003904,0.5385881549869681
ee,xgboost|mechanism_hybrid|max_depth=1|learning_rate=0.05|n_estimators=100,xgboost,mechanism_hybrid,False,,,,1,0.05,100,6.102475949841105,10.378744342525,3.7893610861074762,42.35846748158038,1.9877736152670424,0.16699924647448516,0.5598414260118247
ee,xgboost|mechanism_hybrid|max_depth=2|learning_rate=0.05|n_estimators=100,xgboost,mechanism_hybrid,False,,,,2,0.05,100,6.104673804199636,10.551762103892065,3.819043192846145,43.749663149905246,2.0414801465320194,0.13899485169692372,0.5419460154220841
ee,xgboost|steric_hybrid|max_depth=1|learning_rate=0.1|n_estimators=100,xgboost,steric_hybrid,False,,,,1,0.1,100,6.107251975430533,10.824679577636315,3.6204730548558857,40.80886647750782,1.659033500086519,0.09387968953116377,0.46640978067473876
ee,xgboost|manual_core|max_depth=2|learning_rate=0.05|n_estimators=100,xgboost,manual_core,True,,,,2,0.05,100,6.109455530621266,10.746077339894727,3.9820980776928394,43.76187505882133,2.074573495637223,0.10699130067928908,0.562578990296892
ee,xgboost|manual_core|max_depth=1|learning_rate=0.1|n_estimators=100,xgboost,manual_core,True,,,,1,0.1,100,6.116431017496885,10.517485779501481,3.6705083158475134,42.27845927481144,1.9717007645104805,0.14457954133702378,0.5273879978134722
ee,xgboost|manual_expanded|max_depth=2|learning_rate=0.1|n_estimators=100,xgboost,manual_expanded,True,,,,2,0.1,100,6.1292663535991165,10.467766300288245,3.4715187890813937,42.66639757837598,1.847775480500131,0.15264811052214267,0.5279862943920375
ee,ridge|manual_expanded|alpha=30.0,ridge,manual_expanded,True,30.0,,,,,,6.145956728515264,11.094110624551021,3.4520384890193014,44.609888076601706,3.178285138293457,0.04821084913919116,0.5477428945718027
ee,knn|discriminating_2d|k=3|transformed=False,knn,discriminating_2d,True,,3,False,,,,6.151615108848111,11.000379278074515,3.428370927303334,43.19783953887293,2.20270582389941,0.06422576278063463,0.46133304960129207
ee,xgboost|physchem_compact|max_depth=2|learning_rate=0.05|n_estimators=100,xgboost,physchem_compact,False,,,,2,0.05,100,6.152043038228579,10.857159895120105,3.8574393901451955,44.65283200678715,2.9773611732790592,0.08843375825905808,0.5012093847740998
ee,knn|mechanism_hybrid|k=3|transformed=False,knn,mechanism_hybrid,False,,3,False,,,,6.154401196373805,10.670773086103164,3.798849867684602,43.07397044421293,1.8582414698471947,0.1194631506766487,0.6547609669752229
ee,knn|discriminating_2d|k=4|transformed=True,knn,discriminating_2d,True,,4,True,,,,6.197788301116467,11.1748741218997,3.6935656012928035,44.01432009366124,2.56131862023819,0.0343026371734555,0.46477070272797827
ee,xgboost|manual_expanded|max_depth=2|learning_rate=0.05|n_estimators=100,xgboost,manual_expanded,True,,,,2,0.05,100,6.201316725295225,10.861109673972761,3.598661859635719,44.2260594435228,2.113665258548261,0.08777039140839504,0.4515264396268501
ee,knn|interaction_hybrid|k=3|transformed=True,knn,interaction_hybrid,False,,3,True,,,,6.213923949151131,11.062508979935222,3.2921282541391506,44.999999999999986,3.9306096971459445,0.05362548122248023,0.5173770344239816
ee,xgboost|steric_hybrid|max_depth=1|learning_rate=0.05|n_estimators=100,xgboost,steric_hybrid,False,,,,1,0.05,100,6.227576646726399,11.234851331050331,3.639087899437534,43.495027882782736,2.112057184686646,0.02390873667036819,0.3817513797185058
ee,xgboost|manual_core|max_depth=2|learning_rate=0.1|n_estimators=100,xgboost,manual_core,True,,,,2,0.1,100,6.230029656815005,10.483104174201616,3.7001988491520095,42.6087948813702,1.76068549690135,0.15016312993087733,0.5408224406055855
ee,xgboost|qmdesc_hybrid|max_depth=2|learning_rate=0.1|n_estimators=100,xgboost,qmdesc_hybrid,False,,,,2,0.1,100,6.231461605361593,11.052847356987842,3.5354347138084776,43.20828070500923,2.508414035086633,0.05527782265161707,0.5650535589014523
ee,ridge|manual_core|alpha=3.0,ridge,manual_core,True,3.0,,,,,,6.231916362441924,11.329666605628983,4.322547566474803,45.00749545703523,2.67475313327886,0.007363989580622787,0.49097305939319247
ee,knn|interaction_hybrid|k=2|transformed=False,knn,interaction_hybrid,False,,2,False,,,,6.232137020519013,11.193234798884852,3.401094395728691,45.0,3.960955624186783,0.031126686673314086,0.624728409957627
ee,ridge|mechanistic_full|alpha=1.0,ridge,mechanistic_full,False,1.0,,,,,,6.237417141606452,11.79964727342953,2.5881875279895397,45.198635193175406,2.604427411791789,-0.07669777644241993,0.5296517848340254
ee,knn|interaction_hybrid|k=5|transformed=False,knn,interaction_hybrid,False,,5,False,,,,6.239512447932987,10.738492074215147,3.497257494665625,42.74024239773527,3.5123521582444144,0.10825154055418318,0.4310080066073121
ee,ridge|manual_expanded|alpha=1.0,ridge,manual_expanded,True,1.0,,,,,,6.240588211674947,10.883128971000954,3.1888151059259044,45.45661672860021,3.0988447119618012,0.08406782018370074,0.653713253571875
ee,xgboost|physchem_compact|max_depth=1|learning_rate=0.05|n_estimators=100,xgboost,physchem_compact,False,,,,1,0.05,100,6.241002227250389,10.791265854991194,4.054665911302912,44.5340846094534,2.7317031856291476,0.0994650970406471,0.46973293916618813
ee,xgboost|manual_expanded|max_depth=1|learning_rate=0.05|n_estimators=100,xgboost,manual_expanded,True,,,,1,0.05,100,6.243874628356837,10.917303422392447,3.2612790643773337,44.07098987442956,2.346143373032286,0.07830649451805938,0.45428174970847846
ee,ridge|mechanism_hybrid|alpha=1.0,ridge,mechanism_hybrid,False,1.0,,,,,,6.26857060737369,10.677702318546398,3.1862784230195444,41.70147378913485,1.3112161766664245,0.118319198783289,0.6595728585960381
ee,ridge|qmdesc_hybrid|alpha=3.0,ridge,qmdesc_hybrid,False,3.0,,,,,,6.284280161937149,11.062902594463326,2.9265714283306323,43.361688167052435,3.322171801541724,0.0535581342241882,0.5303391979227132
ee,knn|mechanistic_full|k=5|transformed=True,knn,mechanistic_full,False,,5,True,,,,6.2848831011783135,11.08771013496913,3.2617655998130672,44.21860304715487,2.716187861291597,0.04930875765217235,0.5000930220204458
ee,xgboost|discriminating_2d|max_depth=2|learning_rate=0.1|n_estimators=100,xgboost,discriminating_2d,True,,,,2,0.1,100,6.28798790920959,10.51807567026934,3.25125480504731,41.97012672627238,1.6900713069808497,0.14448358327393152,0.5122170241072531
ee,knn|interaction_hybrid|k=4|transformed=True,knn,interaction_hybrid,False,,4,True,,,,6.291764060700254,10.909367586569253,3.5808978924882595,43.773771390198235,4.20048679136535,0.07964597362166892,0.49493742385528655
ee,knn|interaction_hybrid|k=4|transformed=False,knn,interaction_hybrid,False,,4,False,,,,6.2934123243906255,10.841026345933841,3.715474223173544,43.60459831634438,3.355879279582162,0.09114088828515854,0.4684720199408025
ee,knn|interaction_hybrid|k=6|transformed=False,knn,interaction_hybrid,False,,6,False,,,,6.300150162196472,11.081467407520861,3.6069756942944124,44.15043899249068,3.335074026678738,0.05037899406209101,0.4279146477082166
ee,ridge|discriminating_2d|alpha=3.0,ridge,discriminating_2d,True,3.0,,,,,,6.309177023902038,10.715568938508857,3.177640529261197,43.16995604796551,3.1667580812293425,0.11205465419451088,0.6094958993614685
ee,ridge|manual_core|alpha=10.0,ridge,manual_core,True,10.0,,,,,,6.3175462783626,11.365668568456865,4.232771295599825,45.318600574787524,2.8895530771837628,0.001045423293062786,0.4421165951788734
ee,xgboost|qmdesc_hybrid|max_depth=2|learning_rate=0.05|n_estimators=100,xgboost,qmdesc_hybrid,False,,,,2,0.05,100,6.319070936123075,11.28404725673605,3.672070073839471,44.400256199681294,2.537331865073674,0.015341671950642732,0.5623039065467005
ee,ridge|interaction_hybrid|alpha=0.3,ridge,interaction_hybrid,False,0.3,,,,,,6.320519665060446,10.613773288907005,3.2629649176247923,42.75854750323589,2.891194464303724,0.12884510847509034,0.6356220631242839
ee,xgboost|mechanistic_full|max_depth=1|learning_rate=0.05|n_estimators=100,xgboost,mechanistic_full,False,,,,1,0.05,100,6.321860270344582,11.06833429317225,4.0458734802220775,42.49887760604901,2.0419033634738417,0.05262853206301954,0.5079982725403567
ee,ridge|manual_core|alpha=1.0,ridge,manual_core,True,1.0,,,,,,6.332641072428343,11.349284999806914,4.350378478655976,44.953831565823904,2.5653817420217857,0.003923326111634928,0.49923048996462666
ee,knn|interaction_hybrid|k=5|transformed=True,knn,interaction_hybrid,False,,5,True,,,,6.359642097819196,10.86478716672018,3.672905504286142,42.965516130764456,4.355691267500538,0.08715253820336999,0.4441447839678609
ee,ridge|manual_core|alpha=0.3,ridge,manual_core,True,0.3,,,,,,6.372966521861618,11.365281182389886,4.329022105907121,44.94828949864555,2.5214776150613853,0.0011135186254794815,0.4634482908217451
ee,xgboost|discriminating_2d|max_depth=2|learning_rate=0.05|n_estimators=100,xgboost,discriminating_2d,True,,,,2,0.05,100,6.374479143904036,10.871664829088248,3.50884578924412,43.67572182590705,2.0081637168110475,0.08599646516107728,0.44014888001694447
ee,knn|manual_expanded|k=3|transformed=False,knn,manual_expanded,True,,3,False,,,,6.38010932114451,11.391995963500728,4.0,45.0,4.270534772080257,-0.003587886587281597,0.5346333202438338
ee,ridge|manual_core|alpha=0.1,ridge,manual_core,True,0.1,,,,,,6.385132275832037,11.371177228519839,4.324167868561439,44.9485408557846,2.508615687088574,7.685119214018155e-05,0.49785425153605434
ee,knn|manual_expanded|k=2|transformed=True,knn,manual_expanded,True,,2,True,,,,6.3866693950369235,11.262008865660908,4.000000000000007,44.999999999999986,4.987954822255086,0.01918410434483353,0.6199032480995164
ee,ridge|manual_core|alpha=0.03,ridge,manual_core,True,0.03,,,,,,6.389467362246363,11.373404757225954,4.322621793025384,44.948846532718406,2.5040991276532187,-0.0003149421348771497,0.49785425153605434
ee,knn|mechanistic_full|k=6|transformed=True,knn,mechanistic_full,False,,6,True,,,,6.39009802775849,11.184317333710204,4.004374350666069,45.02066275351913,2.145092846229039,0.0326698424374916,0.4021366568824204
ee,knn|manual_expanded|k=6|transformed=True,knn,manual_expanded,True,,6,True,,,,6.412867609473725,11.459799183914027,3.273147078573402,46.290899997281,4.077803134984674,-0.015569806430062672,0.44727748928601974
ee,knn|manual_expanded|k=6|transformed=False,knn,manual_expanded,True,,6,False,,,,6.419546749813602,11.274205948875922,3.3444712017838683,45.73307641345144,2.579374227889599,0.017058449600709125,0.4417725355717303
ee,ridge|manual_expanded|alpha=0.3,ridge,manual_expanded,True,0.3,,,,,,6.42972589489008,11.193070209951,3.1681296991594508,47.89028997629369,3.012182849757058,0.031155179715071313,0.5756117227503931
ee,xgboost|discriminating_2d|max_depth=1|learning_rate=0.05|n_estimators=100,xgboost,discriminating_2d,True,,,,1,0.05,100,6.430191362440815,10.979615920843319,3.378628304618836,43.947189835567556,2.252605701732233,0.06775500068633222,0.4613049223155315
ee,knn|mechanistic_full|k=4|transformed=True,knn,mechanistic_full,False,,4,True,,,,6.43156627960594,11.184423741156042,3.419931988321487,43.79351773144795,2.9542058010606516,0.03265143601751641,0.4347887785950955
ee,knn|manual_expanded|k=3|transformed=True,knn,manual_expanded,True,,3,True,,,,6.434958632968958,11.508777698100612,3.6741723060351177,44.999999999999986,5.007512293938371,-0.02426932980810692,0.5493176796415538
ee,knn|manual_expanded|k=2|transformed=False,knn,manual_expanded,True,,2,False,,,,6.448190578219441,11.271756071749095,3.750000000000007,45.0,4.537027062946309,0.017485588220411352,0.6265317193697538
ee,knn|steric_hybrid|k=3|transformed=True,knn,steric_hybrid,False,,3,True,,,,6.450938256501098,11.18857473080147,3.9330700548213855,44.999999999999986,3.5885246458216304,0.0319332588250556,0.4572078658492686
ee,knn|interaction_hybrid|k=6|transformed=True,knn,interaction_hybrid,False,,6,True,,,,6.458394662078442,11.312809130377227,3.3930308200213304,44.82773442051872,4.289594770367222,0.01031568952875761,0.41733108957970827
ee,knn|discriminating_2d|k=2|transformed=False,knn,discriminating_2d,True,,2,False,,,,6.471558067895791,11.282705573439651,4.000000000000007,44.999999999999986,2.2935044161777154,0.015575811539282336,0.46508892988113243
ee,ridge|manual_expanded|alpha=0.1,ridge,manual_expanded,True,0.1,,,,,,6.4875095721325895,11.382489395554947,3.7835734705148383,49.04742071797668,2.8960745618148493,-0.0019136065684366432,0.5212503048217846
ee,knn|interaction_hybrid|k=3|transformed=False,knn,interaction_hybrid,False,,3,False,,,,6.495737441332699,11.089645875934087,3.9450351542801414,44.999999999999986,3.13847212376068,0.04897677699908032,0.4978573129436675
ee,ridge|manual_expanded|alpha=0.03,ridge,manual_expanded,True,0.03,,,,,,6.510678867711698,11.499116701024441,3.9844897185853867,49.551174295199246,2.8147239603024854,-0.02255041405411773,0.49888643035748365
ee,knn|steric_hybrid|k=5|transformed=True,knn,steric_hybrid,False,,5,True,,,,6.527234077559251,11.572921142090248,3.0351220701698836,45.771924243351904,3.945630617859968,-0.03571854743368119,0.3901069278303821
ee,ridge|manual_core|alpha=30.0,ridge,manual_core,True,30.0,,,,,,6.533763778442183,11.5299667035039,4.374884409118309,45.94296699847892,2.9885655866429035,-0.02804440098291172,0.3719284353216826
ee,xgboost|mechanistic_full|max_depth=2|learning_rate=0.1|n_estimators=100,xgboost,mechanistic_full,False,,,,2,0.1,100,6.5435607769106445,11.167074403620072,3.5775431873896153,42.06393843844636,1.7384515115676547,0.03565022081167146,0.5423689269747516
ee,knn|qmdesc_hybrid|k=3|transformed=True,knn,qmdesc_hybrid,False,,3,True,,,,6.567688514979372,11.289051512863901,3.8425320047890636,44.999999999999986,3.3657409365513065,0.014468124546718863,0.48151851815163144
ee,knn|mechanistic_full|k=3|transformed=True,knn,mechanistic_full,False,,3,True,,,,6.589227966268333,11.348885696778195,4.043718496431524,43.42488735343983,3.1292900057316397,0.003993415009027945,0.4420066160263184
ee,ridge|steric_hybrid|alpha=30.0,ridge,steric_hybrid,False,30.0,,,,,,6.604422501506738,11.365655913869716,3.3625354218661982,44.085056412199364,3.282248232109021,0.0010476477729752798,0.4440688552923821
ee,ridge|steric_hybrid|alpha=10.0,ridge,steric_hybrid,False,10.0,,,,,,6.605702934908432,11.099640842595171,3.9873150388116017,42.17339022894292,3.37293072633229,0.04726171249892197,0.579832940308242
ee,knn|qmdesc_hybrid|k=3|transformed=False,knn,qmdesc_hybrid,False,,3,False,,,,6.607955818308773,11.193849823232103,3.7653098247503465,44.999999999999986,2.820635255049668,0.03102021217180362,0.47876698376219357
ee,knn|qmdesc_hybrid|k=4|transformed=True,knn,qmdesc_hybrid,False,,4,True,,,,6.610189333838946,11.553204569988175,3.8241161386018874,46.810110208948316,3.654557583648731,-0.032192484500927154,0.4028240699711082
ee,knn|steric_hybrid|k=6|transformed=True,knn,steric_hybrid,False,,6,True,,,,6.639681030630339,11.688961538556807,3.2885746736437653,46.250207760324116,4.097980261007418,-0.05659274698574168,0.34233171816657326
ee,knn|steric_hybrid|k=4|transformed=True,knn,steric_hybrid,False,,4,True,,,,6.672969356999038,11.705461967189201,3.7374309675553548,46.88170092946376,4.065768451255338,-0.05957787760766342,0.3361450003683821
ee,knn|manual_expanded|k=5|transformed=False,knn,manual_expanded,True,,5,False,,,,6.673598377140137,11.312153162408226,3.9369946130468634,45.228644065090634,3.4533058280803557,0.010430458968919698,0.3746809121788274
ee,knn|qmdesc_hybrid|k=4|transformed=False,knn,qmdesc_hybrid,False,,4,False,,,,6.737208022289571,11.46193948651053,3.84739417741509,46.42029761757492,2.744988089916318,-0.01594918998446726,0.3949188194511974
ee,knn|qmdesc_hybrid|k=2|transformed=True,knn,qmdesc_hybrid,False,,2,True,,,,6.752217868800691,11.621247024371751,3.615970596471115,44.999999999999986,3.632313459578037,-0.044386456751547065,0.4691027382371575
ee,knn|qmdesc_hybrid|k=5|transformed=True,knn,qmdesc_hybrid,False,,5,True,,,,6.753746064949837,11.705186860754875,3.3314809763911484,45.765580930280564,3.987821561012952,-0.059528072949430966,0.35367403412992354
ee,knn|qmdesc_hybrid|k=5|transformed=False,knn,qmdesc_hybrid,False,,5,False,,,,6.7636449214253735,11.46866448266573,4.057957322867502,45.20854756528857,2.932520900234302,-0.017141703472909775,0.4241338757204331
ee,knn|mechanistic_full|k=2|transformed=True,knn,mechanistic_full,False,,2,True,,,,6.800798823224496,11.684452492033751,3.162351438721828,44.999999999999986,3.217685260921784,-0.0557777375547881,0.42587285147399556
ee,knn|manual_core|k=3|transformed=False,knn,manual_core,True,,3,False,,,,6.804402839942265,12.015531140774568,3.26477024070023,47.4771110733742,1.7766661792580496,-0.11645625846719376,0.5935655931896217
ee,knn|discriminating_2d|k=5|transformed=False,knn,discriminating_2d,True,,5,False,,,,6.806924001279627,11.32650775164065,3.9223174172492037,44.03264576028744,0.9918974884704994,0.007917431302832623,0.5084288974368935
ee,knn|manual_core|k=3|transformed=True,knn,manual_core,True,,3,True,,,,6.8093734829722425,11.887933500033988,3.430864841660757,47.623849764392205,2.3327198700813883,-0.09286998857453677,0.5770394049801658
ee,knn|manual_core|k=4|transformed=True,knn,manual_core,True,,4,True,,,,6.812285294170004,11.796608330731909,4.272508106384912,47.13628434081005,2.392938391657866,-0.07614325113796983,0.47583443667889647
ee,knn|mechanism_hybrid|k=2|transformed=True,knn,mechanism_hybrid,False,,2,True,,,,6.81702158689395,11.336411088597282,3.8230509201952785,44.999999999999986,1.6322748173471266,0.006181817219984009,0.592237031454052
ee,xgboost|qmdesc_hybrid|max_depth=1|learning_rate=0.05|n_estimators=100,xgboost,qmdesc_hybrid,False,,,,1,0.05,100,6.818576331251181,11.599464292525841,4.398485433628373,45.562690009840324,2.513619281338854,-0.04047495408782664,0.450848207564899
ee,knn|qmdesc_hybrid|k=2|transformed=False,knn,qmdesc_hybrid,False,,2,False,,,,6.836057914337461,11.561711314243556,3.7721725884061073,45.0,3.157547727557386,-0.03371307215385566,0.5018115598070416
ee,knn|manual_core|k=6|transformed=True,knn,manual_core,True,,6,True,,,,6.837884287028822,11.903198562322954,3.986310909724338,47.61431365904258,2.348105131110043,-0.09567845640984429,0.28075263942876316
ee,knn|mechanistic_full|k=5|transformed=False,knn,mechanistic_full,False,,5,False,,,,6.83826976135199,11.230353303104412,3.7921707089955135,44.057659468039915,1.4227257357051626,0.024690163456546066,0.47500244428333754
ee,xgboost|mechanistic_full|max_depth=1|learning_rate=0.1|n_estimators=100,xgboost,mechanistic_full,False,,,,1,0.1,100,6.8392471284751695,11.156887037889723,4.053763496435785,41.255007113024774,1.5834238874554174,0.03740890932629459,0.49708464211882886
ee,knn|manual_expanded|k=4|transformed=False,knn,manual_expanded,True,,4,False,,,,6.840877553980011,11.623826791920115,4.9146033829205535,46.519680658142306,3.6321599902982373,-0.04485018897074289,0.3760571506073997
ee,ridge|interaction_hybrid|alpha=0.1,ridge,interaction_hybrid,False,0.1,,,,,,6.860465245405194,10.922164700459824,3.8112617168993808,41.56068854549257,2.6910576713370427,0.07748548482058049,0.5935812020819999
ee,knn|steric_hybrid|k=5|transformed=False,knn,steric_hybrid,False,,5,False,,,,6.885335511101693,11.590509157442325,4.111630173843359,45.19374759232187,2.819802565195642,-0.03886901836549339,0.3650163500932739
ee,knn|qmdesc_hybrid|k=6|transformed=True,knn,qmdesc_hybrid,False,,6,True,,,,6.891065399782393,11.783159362218507,3.6580362306430914,46.26169464775518,3.783031855036033,-0.07369089090642267,0.2687785176769681
ee,knn|manual_expanded|k=5|transformed=True,knn,manual_expanded,True,,5,True,,,,6.903282724935971,11.602282921009207,4.146644590527153,45.81588787081314,4.4818262261615835,-0.040980678936349824,0.38362646196454775
ee,knn|discriminating_2d|k=4|transformed=False,knn,discriminating_2d,True,,4,False,,,,6.92346398849216,11.460442097177484,4.0265956397265015,43.820156965838336,1.3917489299718555,-0.01568375984286985,0.4575516311619372
ee,ridge|physchem_compact|alpha=30.0,ridge,physchem_compact,False,30.0,,,,,,6.932243719997681,10.85577625083299,5.237890494762624,40.24718363616395,1.6995615486132334,0.08866608477270632,0.31552260770774515
ee,knn|discriminating_2d|k=6|transformed=False,knn,discriminating_2d,True,,6,False,,,,6.9351136314811805,11.312621728235829,4.584901714521315,44.02772406510471,0.8568334805520544,0.010348478453375831,0.4413946614665119
ee,knn|manual_core|k=5|transformed=True,knn,manual_core,True,,5,True,,,,6.988720820724873,11.863575118051317,4.72407376120448,46.80121517940705,2.299101130587448,-0.08839599452266067,0.32479226914307896
ee,knn|steric_hybrid|k=3|transformed=False,knn,steric_hybrid,False,,3,False,,,,6.9930985758259165,11.56042074356174,4.142418586981314,45.0,2.4380948668813387,-0.03348230954613185,0.40151788519695164
ee,knn|mechanism_hybrid|k=2|transformed=False,knn,mechanism_hybrid,False,,2,False,,,,7.003902248165675,11.435905921939172,3.786404043025776,45.0,1.2480913801447013,-0.0113393694138344,0.6304015077915845
ee,knn|manual_core|k=4|transformed=False,knn,manual_core,True,,4,False,,,,7.016987099257554,11.843229877802626,4.365604897338429,46.9789553095803,1.6885582184430823,-0.08466614238137571,0.47239384060746553
ee,knn|qmdesc_hybrid|k=6|transformed=False,knn,qmdesc_hybrid,False,,6,False,,,,7.01806580954643,11.590726760539063,4.269751279140671,45.72944980646446,2.623390757215605,-0.03890802670145077,0.3275523367597834
ee,ridge|interaction_hybrid|alpha=0.03,ridge,interaction_hybrid,False,0.03,,,,,,7.0249166262584515,10.936420682355605,3.8029111262908586,39.544025090173605,2.4409617670673507,0.0750757183716495,0.6005580012320842
ee,knn|manual_expanded|k=4|transformed=True,knn,manual_expanded,True,,4,True,,,,7.039870994646915,11.863616473646488,4.470980119759794,46.928224908332325,4.551273002936338,-0.08840358268089155,0.2969234409644885
ee,knn|steric_hybrid|k=4|transformed=False,knn,steric_hybrid,False,,4,False,,,,7.040083360787234,11.770929542486712,4.340632373735481,46.480426730289466,2.9675418331149594,-0.07146326565926175,0.31999079278421655
ee,xgboost|qmdesc_hybrid|max_depth=1|learning_rate=0.1|n_estimators=100,xgboost,qmdesc_hybrid,False,,,,1,0.1,100,7.078935372000046,11.61272450423257,4.386189254568606,44.35743541603429,2.396423662040137,-0.04285520268570564,0.4951939328991514
ee,knn|mechanistic_full|k=4|transformed=False,knn,mechanistic_full,False,,4,False,,,,7.080610989200482,11.448891603818218,3.7594327586364784,43.62623673865066,1.7335433798570672,-0.013637462412395829,0.4076359615919235
ee,ridge|steric_hybrid|alpha=3.0,ridge,steric_hybrid,False,3.0,,,,,,7.083349871684094,11.230135155036342,4.305582113253799,41.65628082933965,3.2875855367727667,0.0247280536073603,0.532401437188777
ee,knn|manual_core|k=2|transformed=True,knn,manual_core,True,,2,True,,,,7.08832710608136,11.953188731095869,4.0,46.96381651027394,2.5258249277634124,-0.10490087957181027,0.550001177173815
ee,knn|steric_hybrid|k=2|transformed=True,knn,steric_hybrid,False,,2,True,,,,7.102554053747942,11.615285016524815,3.974182110372368,44.999999999999986,4.574901638613311,-0.04331513574416079,0.28515332685862277
ee,knn|steric_hybrid|k=6|transformed=False,knn,steric_hybrid,False,,6,False,,,,7.118097156331078,11.673311485832192,4.152036505599661,45.69866363840819,2.84294899728535,-0.05376535081217382,0.33408276110231844
ee,ridge|qmdesc_hybrid|alpha=1.0,ridge,qmdesc_hybrid,False,1.0,,,,,,7.129127451293069,11.648849055946906,3.823478553423442,45.85247854444978,3.4392452093547203,-0.0493534662520243,0.44853704036885345
ee,knn|manual_core|k=6|transformed=False,knn,manual_core,True,,6,False,,,,7.135698782488313,11.889082513083157,4.597971536957964,47.3208695855986,1.469285586562672,-0.09308125869360517,0.2549481688930313
ee,knn|manual_core|k=2|transformed=False,knn,manual_core,True,,2,False,,,,7.197062098645741,12.014244618548297,4.0,46.80732797761726,2.2415174604255474,-0.11621718973549577,0.5534494604162841
ee,knn|steric_hybrid|k=2|transformed=False,knn,steric_hybrid,False,,2,False,,,,7.226069906161049,11.636720482203824,4.478726499806889,45.0,4.081259685960653,-0.04716946761138452,0.19353987103243475
ee,knn|manual_core|k=5|transformed=False,knn,manual_core,True,,5,False,,,,7.237752388578752,11.869048005733866,4.968111543640731,46.64761427440233,1.4769916893714863,-0.08940042074897692,0.28453729510733716
ee,knn|mechanistic_full|k=3|transformed=False,knn,mechanistic_full,False,,3,False,,,,7.2820752952750025,11.803146476328788,4.440089424998753,43.226467935649154,1.815654026499155,-0.07733646377517545,0.42128439067539747
ee,knn|mechanistic_full|k=6|transformed=False,knn,mechanistic_full,False,,6,False,,,,7.298196854150005,11.444527364888113,4.759699826472854,44.77133897508669,0.6512955967745504,-0.012864826409751506,0.3794520249557197
ee,knn|physchem_compact|k=6|transformed=False,knn,physchem_compact,False,,6,False,,,,7.2991288549862,11.008894600809215,5.81097354018096,37.7930353743902,3.006186179630858,0.06277644842766805,0.13645149810454776
ee,knn|physchem_compact|k=6|transformed=True,knn,physchem_compact,False,,6,True,,,,7.38018627413307,11.384154244381305,5.388129539342607,40.18648936435855,3.978553779345274,-0.0022067158560066247,0.14091968318101908
ee,knn|mechanistic_full|k=2|transformed=False,knn,mechanistic_full,False,,2,False,,,,7.386522805675337,12.24259999332125,3.5455190349526617,44.999999999999986,2.2416570462102756,-0.15905244013925768,0.4216726451813572
ee,ridge|discriminating_2d|alpha=1.0,ridge,discriminating_2d,True,1.0,,,,,,7.400398347372209,11.819582719642545,4.609846806105608,46.26751216593115,3.4489717072084423,-0.08033900098992786,0.5397115408897382
ee,knn|physchem_compact|k=4|transformed=True,knn,physchem_compact,False,,4,True,,,,7.402479386573327,11.051618111977932,5.394537282768603,37.815773984353456,3.243032694329623,0.05548794596335804,0.1930242230634318
ee,knn|physchem_compact|k=5|transformed=True,knn,physchem_compact,False,,5,True,,,,7.458946697126048,11.120922099622696,5.52378575165357,38.035974454038424,3.4261335954903425,0.04360485446814666,0.1746029245267261
ee,knn|physchem_compact|k=5|transformed=False,knn,physchem_compact,False,,5,False,,,,7.556670603146325,10.869515335962156,6.107702708841288,35.81099533355284,2.539876770354759,0.08635785417117747,0.148481227156586
ee,knn|physchem_compact|k=4|transformed=False,knn,physchem_compact,False,,4,False,,,,7.6123849011651235,10.802178222934579,6.229824562021932,35.100805922284934,2.2735465953221166,0.09764289435128093,0.1868364474353966
ee,ridge|mechanistic_full|alpha=0.3,ridge,mechanistic_full,False,0.3,,,,,,7.7387521549741916,13.459576589890437,3.2231959770672205,46.661928794751034,1.523828059244714,-0.4009368598184504,0.49287518458922286
ee,knn|physchem_compact|k=3|transformed=True,knn,physchem_compact,False,,3,True,,,,7.892096631533766,11.295554212765479,6.068501660584886,37.461545049762464,2.6287676749941635,0.013332428821929865,0.19989952931680427
ee,knn|physchem_compact|k=3|transformed=False,knn,physchem_compact,False,,3,False,,,,8.013014864409524,10.997472917335706,5.942605843147234,33.971883469602446,1.7391936045128467,0.06472017086515225,0.20608730494483948
ee,ridge|physchem_compact|alpha=10.0,ridge,physchem_compact,False,10.0,,,,,,8.01679695996315,11.6798210940059,6.64655364180981,35.75759722302419,0.4010264692601628,-0.05494094047631992,0.3801394380444076
ee,knn|physchem_compact|k=2|transformed=False,knn,physchem_compact,False,,2,False,,,,8.030076246475014,11.200462541981622,6.249999999999993,31.89325616609861,0.9771429641094144,0.029875032713354566,0.35018485720519704
ee,knn|physchem_compact|k=2|transformed=True,knn,physchem_compact,False,,2,True,,,,8.061263059232477,11.59663184509202,6.122389919007055,36.79568720011551,1.774686539979641,-0.039966873590729035,0.3422885307903029
ee,ridge|mechanism_hybrid|alpha=0.3,ridge,mechanism_hybrid,False,0.3,,,,,,8.176513811856294,13.393374428607919,2.6427010182242725,42.18010376984721,-0.989018473127277,-0.38718947931024794,0.6007990395132229
ee,ridge|steric_hybrid|alpha=1.0,ridge,steric_hybrid,False,1.0,,,,,,9.013634904795612,12.459272767490432,6.877049393516643,42.2344813458526,2.3579462260456947,-0.20044192203757438,0.3880446885643184
ee,ridge|qmdesc_hybrid|alpha=0.3,ridge,qmdesc_hybrid,False,0.3,,,,,,9.205344628223532,13.211001435896897,6.323563606110945,49.89747659619559,2.618405194872355,-0.3496689146488794,0.22478408000094266
ee,ridge|discriminating_2d|alpha=0.3,ridge,discriminating_2d,True,0.3,,,,,,9.522634384054864,14.601690943990615,5.880670929612208,50.08975903787508,3.366183201723928,-0.6487775672016638,0.3905173951915557
ee,ridge|mechanism_hybrid|alpha=0.1,ridge,mechanism_hybrid,False,0.1,,,,,,9.544558135921417,15.898702880175877,2.931355612528037,49.48866380659476,-2.7185909104611437,-0.954695675985497,0.5760521683204585
ee,ridge|mechanistic_full|alpha=0.1,ridge,mechanistic_full,False,0.1,,,,,,10.172826497415937,16.895485083863893,4.586965840598012,50.02078436108049,-0.2620692230963695,-1.207481620802708,0.4292894738855923
ee,ridge|mechanism_hybrid|alpha=0.03,ridge,mechanism_hybrid,False,0.03,,,,,,10.18936395126451,17.274382878243983,3.1390741837237144,55.780934972570485,-3.6544711742582248,-1.3076016905959795,0.5774269944978343
ee,ridge|physchem_compact|alpha=3.0,ridge,physchem_compact,False,3.0,,,,,,10.549412043998696,17.387382757337367,5.886923267179974,56.40493889252648,-2.4059440475738003,-1.3378906550917828,0.45438005162270056
ee,ridge|mechanistic_full|alpha=0.03,ridge,mechanistic_full,False,0.03,,,,,,12.326091971900185,20.8289606284906,5.852338796744029,69.11564480987381,-2.0096193385007624,-2.3549879448102287,0.40557372232585986
ee,ridge|steric_hybrid|alpha=0.3,ridge,steric_hybrid,False,0.3,,,,,,12.913284049869237,18.307292148013108,8.052397534376844,48.75430505623381,-1.121018394863984,-1.5918149464156084,0.30967959645389803
ee,ridge|physchem_compact|alpha=1.0,ridge,physchem_compact,False,1.0,,,,,,13.294648496685552,25.233635375538594,4.706396292155347,91.0,-5.3457945393859045,-3.923970159736979,0.518996881959363
ee,ridge|discriminating_2d|alpha=0.1,ridge,discriminating_2d,True,0.1,,,,,,13.300509383022218,21.451655717451292,7.512589951798724,75.03187736671084,1.5313410585993286,-2.5585854800215175,0.25816774981413587
ee,ridge|physchem_compact|alpha=0.3,ridge,physchem_compact,False,0.3,,,,,,14.424149577592717,28.034375968214913,4.269161661861816,91.0,-6.534715741086984,-5.077676117493418,0.55268012330507
ee,ridge|qmdesc_hybrid|alpha=0.1,ridge,qmdesc_hybrid,False,0.1,,,,,,14.46546373196343,20.79736333982895,10.11697168352864,58.82004041544157,-1.709011374437942,-2.3448167108638036,0.11307945308915922
ee,ridge|physchem_compact|alpha=0.1,ridge,physchem_compact,False,0.1,,,,,,14.860439401509527,29.115368852473978,4.2276352851524095,91.0,-6.957354889115488,-5.555417538081742,0.5601655769935212
ee,ridge|physchem_compact|alpha=0.03,ridge,physchem_compact,False,0.03,,,,,,14.979939348483516,29.42900009790577,4.061464774935175,91.0,-7.079477972243433,-5.697408341853614,0.5498526176134624
ee,ridge|discriminating_2d|alpha=0.03,ridge,discriminating_2d,True,0.03,,,,,,17.04583051439152,25.16092630264061,8.364714840345663,80.0,-1.613264204610947,-3.895634844731772,0.18013302383835844
ee,ridge|steric_hybrid|alpha=0.1,ridge,steric_hybrid,False,0.1,,,,,,18.13134906752718,28.967614318265227,8.773230454573508,90.0,-6.404963175252137,-5.4890515603691865,0.2773711812855668
ee,ridge|steric_hybrid|alpha=0.03,ridge,steric_hybrid,False,0.03,,,,,,19.978377417421918,33.208478549231735,9.459712544679213,90.0,-9.555354446791883,-7.528128261954725,0.2719183623208808
ee,ridge|qmdesc_hybrid|alpha=0.03,ridge,qmdesc_hybrid,False,0.03,,,,,,24.870407440136514,36.08028501716485,12.986481500078256,90.0,-11.210586905965956,-9.066898389743509,0.09316039973319681
